case_id,clean_type,code_sha256,data_sha256,config_sha256,combined_sha256,status
c_084667a283314b02,ordinary,74ee382a8777b2a8aca19c0a2cbeeda4e3ac12678681247bec82a6ea43da6516,983b544b1d07f9142aa5b2d50e37f62156adf93d48be6510d7931eedfe50dde0,dbc273e2b1d2bd5371cd885ac8adb379e201f21a769849af5966894e76efaa78,f6ea5786efac4b794639623a34345a1c64806c58c4c5db7812379d0c6b250725,REPRODUCED
c_0eb7d0f8f6ee43c4,hard,720cafdcd1aed179bf615fe621e0e60efc7646654c929242fd28f4ecd6bb339e,d229ff49171b4413e26e57e39364918e79a0fdc443aa413f6ee77277b15d6d15,dbc273e2b1d2bd5371cd885ac8adb379e201f21a769849af5966894e76efaa78,28d4ebaa2f2f1f07ef2b5e11d996f161c5e2ad3f5f93d0ce145e6ac74f71a19d,REPRODUCED
c_0f357c79137b4ab5,hard,720cafdcd1aed179bf615fe621e0e60efc7646654c929242fd28f4ecd6bb339e,fe37a4b0ff88e62afd09264476369895304b15bd8f860f8d65b0a38fb06ba232,dbc273e2b1d2bd5371cd885ac8adb379e201f21a769849af5966894e76efaa78,1421aeb9f383f9b58dc962026ad66c9aa705012b20635561efc97ec8aa1619f1,REPRODUCED
c_0f935733be9940a8,hard,720cafdcd1aed179bf615fe621e0e60efc7646654c929242fd28f4ecd6bb339e,c400747e77709b627593e827295890d691d83bf976ea256bd2648e3ed0a6748b,dbc273e2b1d2bd5371cd885ac8adb379e201f21a769849af5966894e76efaa78,ac8f8ec96ec87fdb0e692f1f31dc8ec0e133dc8a7f218f90cefaf1228e32d71a,REPRODUCED
c_12a921a9f7574f48,hard,720cafdcd1aed179bf615fe621e0e60efc7646654c929242fd28f4ecd6bb339e,603e1d59acda473ad99e3621596c69658ef07330b069fb45ed905a770347286a,dbc273e2b1d2bd5371cd885ac8adb379e201f21a769849af5966894e76efaa78,f559468ce5a16c3e0448ed4ac949d7b9d67fea923fe58fb8cce9cfa23f1310d4,REPRODUCED
c_1960c4abfc3b472f,hard,720cafdcd1aed179bf615fe621e0e60efc7646654c929242fd28f4ecd6bb339e,5ffd378e045453b8595d42aa60083de1f253d853120fdc20476e308c12685c2b,dbc273e2b1d2bd5371cd885ac8adb379e201f21a769849af5966894e76efaa78,a5cff6c779e5358dc1b84098a4f64d43505e909a9a056fd3d2274da613eb8435,REPRODUCED
c_1bc2135ee00d465a,ordinary,74ee382a8777b2a8aca19c0a2cbeeda4e3ac12678681247bec82a6ea43da6516,9884c7d8ab3ca7f628c0560e74208e4e02a41bd4dbd8c173cccecd15812f70dc,dbc273e2b1d2bd5371cd885ac8adb379e201f21a769849af5966894e76efaa78,dd611d166867c5b0245763d0c26fb87beb63c0c174825305b3fca2b0d83e0908,REPRODUCED
c_20a8d216644f4d40,hard,720cafdcd1aed179bf615fe621e0e60efc7646654c929242fd28f4ecd6bb339e,0d16dddf8e475c244709da7a7c7f7e9dc8510c19d655efec50ac59fa39271a10,dbc273e2b1d2bd5371cd885ac8adb379e201f21a769849af5966894e76efaa78,6a7eb521146d9a15b3f3cea3bb3bd3bf93333b74a2d9c3393533c0d5099e0896,REPRODUCED
c_24e99b2a1a02410d,ordinary,74ee382a8777b2a8aca19c0a2cbeeda4e3ac12678681247bec82a6ea43da6516,cf37914566827df60406a7cff253ffc1faadc8aa1c979a73c9833078ce840b4e,dbc273e2b1d2bd5371cd885ac8adb379e201f21a769849af5966894e76efaa78,58e31db1ded8e826251ccd64cf5c09b7968d0928d2bfca5242e6b7fea9b77e6a,REPRODUCED
c_26602083d2304cbb,ordinary,74ee382a8777b2a8aca19c0a2cbeeda4e3ac12678681247bec82a6ea43da6516,ac564a081cb964cae0ac189b2703c3e5191f8de5b1944aa9c646b1018235f2d6,dbc273e2b1d2bd5371cd885ac8adb379e201f21a769849af5966894e76efaa78,46159f6327a88d90d50f051a99996f030737713311f86f288b5244a3e13e3a0e,REPRODUCED
c_28b40afbe7c24860,ordinary,74ee382a8777b2a8aca19c0a2cbeeda4e3ac12678681247bec82a6ea43da6516,8fa1ce838f2243c48fe0cd86e4360df8879d235f5cf307d0bcade30d01e45ac7,dbc273e2b1d2bd5371cd885ac8adb379e201f21a769849af5966894e76efaa78,bcb772da09360294d2d364ac04f660e10870392e5954cd378e1413ddca1d5d50,REPRODUCED
c_2cd0bf73f8224159,hard,720cafdcd1aed179bf615fe621e0e60efc7646654c929242fd28f4ecd6bb339e,69ce7aa320aee99b534a513770bb80206b1e072b4ac6405e038c424e0f7aa846,dbc273e2b1d2bd5371cd885ac8adb379e201f21a769849af5966894e76efaa78,3dd2166ec8459fa36b88aa9cd6aa8f9b762d2f9010da06dad67cff0951be0526,REPRODUCED
c_375a3acdd9024342,ordinary,74ee382a8777b2a8aca19c0a2cbeeda4e3ac12678681247bec82a6ea43da6516,9b16934eaa8b93d4069fd6cedc7eff6ecfaabb11bd45efcf9c90a5465f84988b,dbc273e2b1d2bd5371cd885ac8adb379e201f21a769849af5966894e76efaa78,457274284af3f7203ed8cd86d13ed4feae2875953fb685a1447082b144fdb295,REPRODUCED
c_46894f5d00dd47e3,ordinary,74ee382a8777b2a8aca19c0a2cbeeda4e3ac12678681247bec82a6ea43da6516,9e0e5a77472ac15e4bf46455c91c47c55776cbf2f2d53aed0d6d54710ec94343,dbc273e2b1d2bd5371cd885ac8adb379e201f21a769849af5966894e76efaa78,525ed984607086951abce3d952a7f3d90525d2196409caafbc2bbbf0d39e191d,REPRODUCED
c_46af0707d227425e,ordinary,74ee382a8777b2a8aca19c0a2cbeeda4e3ac12678681247bec82a6ea43da6516,4a9a54deb73ebf2d5d10fc0ac87ad56ca294071451e85caf79c97c21347e658a,dbc273e2b1d2bd5371cd885ac8adb379e201f21a769849af5966894e76efaa78,b86276d0294c58fa49d2de63fb7582fe51db48a9423f7b93b94a4b5848685820,REPRODUCED
c_4ebe8fd5a7034199,hard,720cafdcd1aed179bf615fe621e0e60efc7646654c929242fd28f4ecd6bb339e,deaf585586359a6e28692c0809a2cd395d9dce6b5cf092e0e1014eb80a7cdbe4,dbc273e2b1d2bd5371cd885ac8adb379e201f21a769849af5966894e76efaa78,6fab938489cfc802c09489a4ef6d7d4f5aa909cebcfa5c35a02680244755f820,REPRODUCED
c_522d5b59eb2841ea,hard,720cafdcd1aed179bf615fe621e0e60efc7646654c929242fd28f4ecd6bb339e,a7535b1d067ba5d8621af82b7c7fb276299efed757d97dd3e1da25000ed02de7,dbc273e2b1d2bd5371cd885ac8adb379e201f21a769849af5966894e76efaa78,3b510155a7c88e262a4c40b8b25f54f820a60f67343c9d2fdf54986609e85dab,REPRODUCED
c_58f1c9c284b14538,hard,720cafdcd1aed179bf615fe621e0e60efc7646654c929242fd28f4ecd6bb339e,2d4429d7ad087228a9ac5a2df72a9e870bb55c273817c06fe2373bce30994dc4,dbc273e2b1d2bd5371cd885ac8adb379e201f21a769849af5966894e76efaa78,1347c214040887f00789aa7af8d38c0941af51b579e4c6dc570a0bc714f83ea7,REPRODUCED
c_5afce37ee2774341,hard,720cafdcd1aed179bf615fe621e0e60efc7646654c929242fd28f4ecd6bb339e,0e1971c25b5d07db0131cc85f6a60f40d97b4754ea051d8ed3069896dd042e89,dbc273e2b1d2bd5371cd885ac8adb379e201f21a769849af5966894e76efaa78,cd904dc4ad5dd6383ef4a6227850fffe43da91402d5ce5bdaef2a3f138a863e5,REPRODUCED
c_6a131e0a66e44342,hard,720cafdcd1aed179bf615fe621e0e60efc7646654c929242fd28f4ecd6bb339e,c3497a106e9b1ab19bcbceb192a2b8fd34f75014db0debee76ada6f9c546a55c,dbc273e2b1d2bd5371cd885ac8adb379e201f21a769849af5966894e76efaa78,1fff41b5d53944fcbd4984e852eb90a41fd47e56fd0f1c0be85aac54f2006810,REPRODUCED
c_6a4d42c1df084d27,ordinary,74ee382a8777b2a8aca19c0a2cbeeda4e3ac12678681247bec82a6ea43da6516,41b620fb6c59ec11ee168e8fabf30fd7211ab6da4c672dc2dadd8e02724e09c3,dbc273e2b1d2bd5371cd885ac8adb379e201f21a769849af5966894e76efaa78,4dc214534a28c95c9a897a7d349bd25888a877f7a7663d959b680be383652a52,REPRODUCED
c_726f0e1e7cbd4663,hard,720cafdcd1aed179bf615fe621e0e60efc7646654c929242fd28f4ecd6bb339e,86e36c1c3e6d7208aa7a37b38cd7515051d0d6244d3f8e015f1a263e367e6725,dbc273e2b1d2bd5371cd885ac8adb379e201f21a769849af5966894e76efaa78,ca3851892fc8b45ba73f0b14bf9ccad7d5f1f0e88641a66baa4791ac2986f730,REPRODUCED
c_761c96f6dd1e4ec6,hard,720cafdcd1aed179bf615fe621e0e60efc7646654c929242fd28f4ecd6bb339e,b3a585bebcea7a0f2f4f4afcc478778a05d4b43507f090d83f49f14c336d3fbb,dbc273e2b1d2bd5371cd885ac8adb379e201f21a769849af5966894e76efaa78,53912ca60b4658d117cdb71e7e7f1f6d15b5e6d6befe6f0e8bedf3f3795f7b45,REPRODUCED
c_7661a4a4c8e543d3,ordinary,74ee382a8777b2a8aca19c0a2cbeeda4e3ac12678681247bec82a6ea43da6516,660af4bb6bc17a64e7afdad2bbe567f99f93acf2638087205c0d3fdd02f384f6,dbc273e2b1d2bd5371cd885ac8adb379e201f21a769849af5966894e76efaa78,3e5ea80c14112f5992a3ac44b75415e776b48b76233798254c2c1ffd305b07e4,REPRODUCED
c_76e97580221148b2,hard,720cafdcd1aed179bf615fe621e0e60efc7646654c929242fd28f4ecd6bb339e,de5b0f60250d03078ddf9669613cef3e24efdccad565c8d2d92900278b84d57d,dbc273e2b1d2bd5371cd885ac8adb379e201f21a769849af5966894e76efaa78,8b58566f58ed4ee0ee9ecbd65d63f7dbb73fe925a27f4b9124a1704e12986c27,REPRODUCED
c_77f1e43735db46b9,hard,720cafdcd1aed179bf615fe621e0e60efc7646654c929242fd28f4ecd6bb339e,d7dd3f8f49f29024945423d9fbc939b5c6a868f4181605bf82eccf2f2cff3bbb,dbc273e2b1d2bd5371cd885ac8adb379e201f21a769849af5966894e76efaa78,b9cfd477f9bc2614d32e023645cfa706fe18a2d9cde352f68b4a0b2b7d34f4cb,REPRODUCED
c_83a70ce8d96049df,hard,720cafdcd1aed179bf615fe621e0e60efc7646654c929242fd28f4ecd6bb339e,165ca77942d15bfb2325703686ae260aef2bbf59bbbdb2a23731511df2b004d1,dbc273e2b1d2bd5371cd885ac8adb379e201f21a769849af5966894e76efaa78,e4fdf732ed363b8ea8e238425b6e3c5a376ed546095e64695d2c2622af421a9b,REPRODUCED
c_86046f76f7c94b25,hard,720cafdcd1aed179bf615fe621e0e60efc7646654c929242fd28f4ecd6bb339e,796f84f8a42291e57d29a49a362f607be2e800ab5da0d6b4fae38bb586eace90,dbc273e2b1d2bd5371cd885ac8adb379e201f21a769849af5966894e76efaa78,6e58cdc8beb47516232cf9cd2ae06cc63cc3cc01e4abb9c701854ab1b843f47b,REPRODUCED
c_8b8359c4644e4bc6,ordinary,74ee382a8777b2a8aca19c0a2cbeeda4e3ac12678681247bec82a6ea43da6516,66c507f4da7d3881095b19dae0abf734518371f98140ad66e1c58312edab037b,dbc273e2b1d2bd5371cd885ac8adb379e201f21a769849af5966894e76efaa78,8f1f180adce30b5aa574b33f7a1ce979c9f864d27f907ea7fa2b9ee16b8d5012,REPRODUCED
c_8e45d88f0fa2499a,ordinary,74ee382a8777b2a8aca19c0a2cbeeda4e3ac12678681247bec82a6ea43da6516,bcf52b6ca086e9cf5a0ad7af859f7cf8df2de29f2254fdcbda8d0cc84069d8b8,dbc273e2b1d2bd5371cd885ac8adb379e201f21a769849af5966894e76efaa78,8ac614edce4399b91d12a15be24f87ed49662aea05883135751b92d25e7fc695,REPRODUCED
c_8ef2d3787cc54b05,hard,720cafdcd1aed179bf615fe621e0e60efc7646654c929242fd28f4ecd6bb339e,edcbddfa5bee39b1c1040eff2bfacca12399fae80d17f729ebfc67424fdf0920,dbc273e2b1d2bd5371cd885ac8adb379e201f21a769849af5966894e76efaa78,2e955fc86451ae21bc663cbd49525c4cf250d32b76689c8edf75072e95d5b49f,REPRODUCED
c_944e1b7397fb484d,hard,720cafdcd1aed179bf615fe621e0e60efc7646654c929242fd28f4ecd6bb339e,cd5552f2bc84a2bdaddce065330d521ae57a05c4f3231d85ecb27eaeba917e8b,dbc273e2b1d2bd5371cd885ac8adb379e201f21a769849af5966894e76efaa78,2ac5ef6a1e272021048867aae1657f90cecb7d4490f91fef120e6db8e792f808,REPRODUCED
c_9858f84665404167,hard,720cafdcd1aed179bf615fe621e0e60efc7646654c929242fd28f4ecd6bb339e,2c80ca7ba0ad8c7e4310934a4dd4b949184ef7887f0ef80c5dd7023f4d89b766,dbc273e2b1d2bd5371cd885ac8adb379e201f21a769849af5966894e76efaa78,9843f1c43c695ae8f1e3bb7430b6603141cbc6ffe2e342fb828f157d581feb77,REPRODUCED
c_9ba4168d6ef04084,hard,720cafdcd1aed179bf615fe621e0e60efc7646654c929242fd28f4ecd6bb339e,7efc3cd8d153f6b43fdebf9c83d37bf23ef402e0a484e97b929a32b20fe52c48,dbc273e2b1d2bd5371cd885ac8adb379e201f21a769849af5966894e76efaa78,814bc0159a1828281b357f55187270bb1365806c570c631ef1e1c221548b7b46,REPRODUCED
c_9c69d78e00e84cea,ordinary,74ee382a8777b2a8aca19c0a2cbeeda4e3ac12678681247bec82a6ea43da6516,48608cd97b40677f79126a9d4e16c9680072da61355f6f7d5cad2cfc905d1060,dbc273e2b1d2bd5371cd885ac8adb379e201f21a769849af5966894e76efaa78,c025d443e0a1b58609859856e4ab83c9d45cd2987e85dd1c1d8db3dc556d4024,REPRODUCED
c_a3b59688f8614014,ordinary,74ee382a8777b2a8aca19c0a2cbeeda4e3ac12678681247bec82a6ea43da6516,20cfed6e6ad610e163fb19eeef50f7b3a66f7637d822700ae9131cf292605c4d,dbc273e2b1d2bd5371cd885ac8adb379e201f21a769849af5966894e76efaa78,265911994821a690b62a154fc8ed27dd51668c1917dcdc4798b40dc7a08f52a7,REPRODUCED
c_a4b2fffa9df24877,ordinary,74ee382a8777b2a8aca19c0a2cbeeda4e3ac12678681247bec82a6ea43da6516,340ef377fdaa423b441f9c387ea3aaf6cbba55a7e7d37a794273fceb56efd343,dbc273e2b1d2bd5371cd885ac8adb379e201f21a769849af5966894e76efaa78,dd8c752ec7f092b78666068596d4e3dd7f29886fe96ecec3badcd5d87e078804,REPRODUCED
c_a76921b573594b2a,hard,720cafdcd1aed179bf615fe621e0e60efc7646654c929242fd28f4ecd6bb339e,fff3bbe6533710035237587abc392837afbf0a3175f2a3ebfd00fd3965008a58,dbc273e2b1d2bd5371cd885ac8adb379e201f21a769849af5966894e76efaa78,d7213175aa89085def5e164a7224dfdbc8699607372e303f7c812d1b51e2f4e0,REPRODUCED
c_a7a21a51cf0644c1,hard,720cafdcd1aed179bf615fe621e0e60efc7646654c929242fd28f4ecd6bb339e,ff8ced18143f2ed0369feacbe14388c0c86b36c097326f2c4cbb9bec995609e7,dbc273e2b1d2bd5371cd885ac8adb379e201f21a769849af5966894e76efaa78,8707f4a397d25a80ada7761d55c7294478cee70e09a70cc3270ffe80f91016c7,REPRODUCED
c_a8f8b364d3274793,ordinary,74ee382a8777b2a8aca19c0a2cbeeda4e3ac12678681247bec82a6ea43da6516,6a782b54106b2cc59b182066de6e56ab0c030afa918fbece7889612a5371bd93,dbc273e2b1d2bd5371cd885ac8adb379e201f21a769849af5966894e76efaa78,95b62678eab9bf3e6b92ea51459c891dc76e146718f3cadf5a41a19936544a87,REPRODUCED
c_aca7168d5ac24072,ordinary,74ee382a8777b2a8aca19c0a2cbeeda4e3ac12678681247bec82a6ea43da6516,858a49198208518b4235ff63f6e4bd4336eb84d78a53af39b0789723fd426db5,dbc273e2b1d2bd5371cd885ac8adb379e201f21a769849af5966894e76efaa78,0f05f811976f1e4a97fb80000b0dbc4f3efe7e02f413fe7366e19b92abab4ca3,REPRODUCED
c_ae61c24d7a1d4e79,ordinary,74ee382a8777b2a8aca19c0a2cbeeda4e3ac12678681247bec82a6ea43da6516,85e4e1055347a2584f0b75dec76dbc10753c70f0efebd994101552b62b5e6ca9,dbc273e2b1d2bd5371cd885ac8adb379e201f21a769849af5966894e76efaa78,898909992b6b36c6167eea90000a0acaf1713da95aade06d32e20ae74998603f,REPRODUCED
c_b3c392488ed94c9c,ordinary,74ee382a8777b2a8aca19c0a2cbeeda4e3ac12678681247bec82a6ea43da6516,e32214c29db2a4a7eae6c415868624030235f1c3dcb9109f01f0ec497fff8d0c,dbc273e2b1d2bd5371cd885ac8adb379e201f21a769849af5966894e76efaa78,175b6d4a67eb24475f5569af03f4b8fcbb3b4deb16e89fdfb1730e37a397193b,REPRODUCED
c_b60850a8533a48e8,ordinary,74ee382a8777b2a8aca19c0a2cbeeda4e3ac12678681247bec82a6ea43da6516,6c40fec06c123b3350197f9818823a66d429a94bcc34a79b1b0cfa53620f3f2b,dbc273e2b1d2bd5371cd885ac8adb379e201f21a769849af5966894e76efaa78,47851474b4ff7144b4699c0d37745bcf08864acf5663e11b3a4e268333854934,REPRODUCED
c_b639297f26794243,hard,720cafdcd1aed179bf615fe621e0e60efc7646654c929242fd28f4ecd6bb339e,8e67e69f66198f593b7edc4011930fa3b558c2260d6d8bd597e5edda1e48eb9e,dbc273e2b1d2bd5371cd885ac8adb379e201f21a769849af5966894e76efaa78,ba8ad2ccba8ff76d095d7ae842e16a5ef4fa1e3e46803685b40fdce2d10370ca,REPRODUCED
c_b81289d8ab814dcb,hard,720cafdcd1aed179bf615fe621e0e60efc7646654c929242fd28f4ecd6bb339e,098f63bc05764f4eeb92619fdf189b0d0c660c409e860325ee94c7c74cdecdb4,dbc273e2b1d2bd5371cd885ac8adb379e201f21a769849af5966894e76efaa78,ca63f67bbe77bcaeae8f5f3a0bd8dc92f846377cffb41314b5b1613eb71d9d72,REPRODUCED
c_b9474bd167b94253,ordinary,74ee382a8777b2a8aca19c0a2cbeeda4e3ac12678681247bec82a6ea43da6516,f6f763915f5cd5e7df11acc7e29d4953a0d3c88bca090cc16cd20b3479a2f957,dbc273e2b1d2bd5371cd885ac8adb379e201f21a769849af5966894e76efaa78,c68997f4103095e8e290aee3195dd9ce5d298cda08a769fadb54cdef9168136c,REPRODUCED
c_ba9b3c839d7747c6,ordinary,74ee382a8777b2a8aca19c0a2cbeeda4e3ac12678681247bec82a6ea43da6516,9462a3a0a074d48335f34b01d51b4642d73bc315f94bef5620e615d4beabf5f8,dbc273e2b1d2bd5371cd885ac8adb379e201f21a769849af5966894e76efaa78,9a42e6457e68dac033d0bcd5624784bf1c8aca70460d952326ae4053b000de00,REPRODUCED
c_bd56abf2cdbc4ff2,ordinary,74ee382a8777b2a8aca19c0a2cbeeda4e3ac12678681247bec82a6ea43da6516,bedfa14ce6d1cac0b719588e3795dd0d649b6d1e0939bf8f95fb69abeaf6b4b5,dbc273e2b1d2bd5371cd885ac8adb379e201f21a769849af5966894e76efaa78,937a308ff38fbf7201bd0994fa801273cfe749719bed7196a6b055dbe754f9fe,REPRODUCED
c_bf705262cfd64e7a,hard,720cafdcd1aed179bf615fe621e0e60efc7646654c929242fd28f4ecd6bb339e,47ec2be7c2589cec83b51b5168dd4da8511093cb7bf210d0e8f9102b4c28a6a7,dbc273e2b1d2bd5371cd885ac8adb379e201f21a769849af5966894e76efaa78,9a4b59292c09f7fa336670a0c997ac7999aa419a205fb6a8f7f929577f8cfaa2,REPRODUCED
c_c0e03156eb114ec0,ordinary,74ee382a8777b2a8aca19c0a2cbeeda4e3ac12678681247bec82a6ea43da6516,ca1cffd7fae3d2d96e0538ef639fa0126d937d82b3b3dc6e6dd965aab5739334,dbc273e2b1d2bd5371cd885ac8adb379e201f21a769849af5966894e76efaa78,1bdc66abc47a6e9f5086ae7e258bedcdc8c3b89e0bf6f224e65ce6fdad0651a0,REPRODUCED
c_c2bdabf56b154c5a,ordinary,74ee382a8777b2a8aca19c0a2cbeeda4e3ac12678681247bec82a6ea43da6516,a59642dd2251e28b3470c1b46a95777907d038d133c8b89e2ca6603516d42c73,dbc273e2b1d2bd5371cd885ac8adb379e201f21a769849af5966894e76efaa78,638247f5e5de0bc6be294ff1868a5f47eaa2e83c92470e9891664cab6c0553ef,REPRODUCED
c_c2ed5d72fa75485f,hard,720cafdcd1aed179bf615fe621e0e60efc7646654c929242fd28f4ecd6bb339e,474ab0f0da006a61ae8c619f06bbb4a372ea0eb85acc320bb747b6816bcfde1c,dbc273e2b1d2bd5371cd885ac8adb379e201f21a769849af5966894e76efaa78,817bdbd0f9a7ba9104dd16077e2ad4ebdcfe5f4d665ce38eac5766a57e9ddad1,REPRODUCED
c_cb0685fad8ad43aa,ordinary,74ee382a8777b2a8aca19c0a2cbeeda4e3ac12678681247bec82a6ea43da6516,5528ce58469363e18d312029ebc61ccce7fe37cbad633d2c12832271fc893a87,dbc273e2b1d2bd5371cd885ac8adb379e201f21a769849af5966894e76efaa78,568b2634e1ee2f2a2ebc35a56b1e9174911dbd68ec06ed717e3bb2072754f509,REPRODUCED
c_cd44e81e84724d4a,ordinary,74ee382a8777b2a8aca19c0a2cbeeda4e3ac12678681247bec82a6ea43da6516,63450ad562d98758c83bcf7d388c7945d5b29b9cf1af0e32b4d7e548614fa64f,dbc273e2b1d2bd5371cd885ac8adb379e201f21a769849af5966894e76efaa78,533cc268c01a57d39b3ca169c1b1971c4ee2e5235d54a35a5d41b7153f7a05bb,REPRODUCED
c_ceda2a01073c44f3,hard,720cafdcd1aed179bf615fe621e0e60efc7646654c929242fd28f4ecd6bb339e,57eec1d299730869d7a259b38b3c669b74abc9a17eaed01df5f9af618bef6d5d,dbc273e2b1d2bd5371cd885ac8adb379e201f21a769849af5966894e76efaa78,9b87110a8adc0507a307062bf22ff505b748f0049b017b6b3b248481a5c0b5b6,REPRODUCED
c_d0846fda3e5e4736,ordinary,74ee382a8777b2a8aca19c0a2cbeeda4e3ac12678681247bec82a6ea43da6516,b602cca89ff22dfd46c931a2e94ad7622c54f50804e758fc46ca579ef0271b4d,dbc273e2b1d2bd5371cd885ac8adb379e201f21a769849af5966894e76efaa78,8d386e165158be5e3ca8a6e15a3ccdef0cdfb854cb0988d5b84baaeeab923638,REPRODUCED
c_eac81545cbfb4249,ordinary,74ee382a8777b2a8aca19c0a2cbeeda4e3ac12678681247bec82a6ea43da6516,0ccf905cbf2e69701692d63afb1b592f031ffe96de2a1d41cfe372f0dddf272c,dbc273e2b1d2bd5371cd885ac8adb379e201f21a769849af5966894e76efaa78,5254908825d6da069494f79cefbeaf0d616f0f7d753420f4bd791b0193b3c875,REPRODUCED
c_ee3a39fd03e44190,ordinary,74ee382a8777b2a8aca19c0a2cbeeda4e3ac12678681247bec82a6ea43da6516,b6c3e89dd1260992decb339ef81c3c2f1614982be9264ba07fd04dcd58f4bd5e,dbc273e2b1d2bd5371cd885ac8adb379e201f21a769849af5966894e76efaa78,2f08b7ed1d36789ea48edb4fac3245e34509f9915b4b4da850fbfb3a725f607b,REPRODUCED
c_f34ccbf725484c85,hard,720cafdcd1aed179bf615fe621e0e60efc7646654c929242fd28f4ecd6bb339e,349665d2e9455337c7191a6eea5900742e092fe225f456995d0909843f130980,dbc273e2b1d2bd5371cd885ac8adb379e201f21a769849af5966894e76efaa78,1771510927e6f61cba7ca8092b2c76b18061dc53dd527e15b049e0a32622447c,REPRODUCED
