scenario,leak_rate,seed,demand_cov
joint,0.0,0,0.8745
joint,0.0,1,0.8745
joint,0.0,2,0.8745
joint,0.0,3,0.8745
joint,0.0,4,0.8745
joint,0.0,5,0.8745
joint,0.0,6,0.8745
joint,0.0,7,0.8745
joint,0.0,8,0.8745
joint,0.0,9,0.8745
joint,0.0,10,0.8745
joint,0.0,11,0.8745
joint,0.0,12,0.8745
joint,0.0,13,0.8745
joint,0.0,14,0.8745
joint,0.0,15,0.8745
joint,0.0,16,0.8745
joint,0.0,17,0.8745
joint,0.0,18,0.8745
joint,0.0,19,0.8745
joint,0.0,20,0.8745
joint,0.0,21,0.8745
joint,0.0,22,0.8745
joint,0.0,23,0.8745
joint,0.0,24,0.8745
joint,0.0,25,0.8745
joint,0.0,26,0.8745
joint,0.0,27,0.8745
joint,0.0,28,0.8745
joint,0.0,29,0.8745
joint,0.0,30,0.8745
joint,0.0,31,0.8745
joint,0.0,32,0.8745
joint,0.0,33,0.8745
joint,0.0,34,0.8745
joint,0.0,35,0.8745
joint,0.0,36,0.8745
joint,0.0,37,0.8745
joint,0.0,38,0.8745
joint,0.0,39,0.8745
joint,0.0,40,0.8745
joint,0.0,41,0.8745
joint,0.0,42,0.8745
joint,0.0,43,0.8745
joint,0.0,44,0.8745
joint,0.0,45,0.8745
joint,0.0,46,0.8745
joint,0.0,47,0.8745
joint,0.0,48,0.8745
joint,0.0,49,0.8745
joint,0.05,0,0.8769
joint,0.05,1,0.8716
joint,0.05,2,0.8687
joint,0.05,3,0.8703
joint,0.05,4,0.8784
joint,0.05,5,0.8770
joint,0.05,6,0.8757
joint,0.05,7,0.8733
joint,0.05,8,0.8697
joint,0.05,9,0.8726
joint,0.05,10,0.8697
joint,0.05,11,0.8775
joint,0.05,12,0.8757
joint,0.05,13,0.8753
joint,0.05,14,0.8757
joint,0.05,15,0.8741
joint,0.05,16,0.8699
joint,0.05,17,0.8743
joint,0.05,18,0.8695
joint,0.05,19,0.8681
joint,0.05,20,0.8741
joint,0.05,21,0.8692
joint,0.05,22,0.8730
joint,0.05,23,0.8707
joint,0.05,24,0.8679
joint,0.05,25,0.8716
joint,0.05,26,0.8734
joint,0.05,27,0.8707
joint,0.05,28,0.8753
joint,0.05,29,0.8703
joint,0.05,30,0.8718
joint,0.05,31,0.8735
joint,0.05,32,0.8747
joint,0.05,33,0.8787
joint,0.05,34,0.8743
joint,0.05,35,0.8735
joint,0.05,36,0.8791
joint,0.05,37,0.8743
joint,0.05,38,0.8697
joint,0.05,39,0.8741
joint,0.05,40,0.8742
joint,0.05,41,0.8753
joint,0.05,42,0.8732
joint,0.05,43,0.8728
joint,0.05,44,0.8735
joint,0.05,45,0.8751
joint,0.05,46,0.8792
joint,0.05,47,0.8789
joint,0.05,48,0.8753
joint,0.05,49,0.8749
joint,0.1,0,0.8745
joint,0.1,1,0.8753
joint,0.1,2,0.8755
joint,0.1,3,0.8662
joint,0.1,4,0.8718
joint,0.1,5,0.8672
joint,0.1,6,0.8734
joint,0.1,7,0.8693
joint,0.1,8,0.8691
joint,0.1,9,0.8683
joint,0.1,10,0.8772
joint,0.1,11,0.8733
joint,0.1,12,0.8735
joint,0.1,13,0.8749
joint,0.1,14,0.8722
joint,0.1,15,0.8749
joint,0.1,16,0.8738
joint,0.1,17,0.8678
joint,0.1,18,0.8720
joint,0.1,19,0.8731
joint,0.1,20,0.8696
joint,0.1,21,0.8688
joint,0.1,22,0.8805
joint,0.1,23,0.8752
joint,0.1,24,0.8685
joint,0.1,25,0.8770
joint,0.1,26,0.8627
joint,0.1,27,0.8699
joint,0.1,28,0.8731
joint,0.1,29,0.8681
joint,0.1,30,0.8807
joint,0.1,31,0.8777
joint,0.1,32,0.8822
joint,0.1,33,0.8706
joint,0.1,34,0.8635
joint,0.1,35,0.8795
joint,0.1,36,0.8772
joint,0.1,37,0.8720
joint,0.1,38,0.8697
joint,0.1,39,0.8742
joint,0.1,40,0.8737
joint,0.1,41,0.8728
joint,0.1,42,0.8802
joint,0.1,43,0.8735
joint,0.1,44,0.8724
joint,0.1,45,0.8678
joint,0.1,46,0.8727
joint,0.1,47,0.8724
joint,0.1,48,0.8802
joint,0.1,49,0.8731
joint,0.25,0,0.8878
joint,0.25,1,0.8720
joint,0.25,2,0.8745
joint,0.25,3,0.8831
joint,0.25,4,0.8755
joint,0.25,5,0.8691
joint,0.25,6,0.8763
joint,0.25,7,0.8837
joint,0.25,8,0.8792
joint,0.25,9,0.8634
joint,0.25,10,0.8804
joint,0.25,11,0.8742
joint,0.25,12,0.8816
joint,0.25,13,0.8782
joint,0.25,14,0.8761
joint,0.25,15,0.8749
joint,0.25,16,0.8792
joint,0.25,17,0.8823
joint,0.25,18,0.8733
joint,0.25,19,0.8815
joint,0.25,20,0.8675
joint,0.25,21,0.8812
joint,0.25,22,0.8832
joint,0.25,23,0.8733
joint,0.25,24,0.8799
joint,0.25,25,0.8753
joint,0.25,26,0.8797
joint,0.25,27,0.8782
joint,0.25,28,0.8731
joint,0.25,29,0.8704
joint,0.25,30,0.8625
joint,0.25,31,0.8774
joint,0.25,32,0.8788
joint,0.25,33,0.8770
joint,0.25,34,0.8780
joint,0.25,35,0.8724
joint,0.25,36,0.8750
joint,0.25,37,0.8831
joint,0.25,38,0.8877
joint,0.25,39,0.8728
joint,0.25,40,0.8786
joint,0.25,41,0.8857
joint,0.25,42,0.8639
joint,0.25,43,0.8745
joint,0.25,44,0.8796
joint,0.25,45,0.8695
joint,0.25,46,0.8751
joint,0.25,47,0.8718
joint,0.25,48,0.8830
joint,0.25,49,0.8728
joint,0.5,0,0.8780
joint,0.5,1,0.8855
joint,0.5,2,0.8898
joint,0.5,3,0.8802
joint,0.5,4,0.8737
joint,0.5,5,0.8957
joint,0.5,6,0.8938
joint,0.5,7,0.8637
joint,0.5,8,0.8771
joint,0.5,9,0.8835
joint,0.5,10,0.8872
joint,0.5,11,0.8906
joint,0.5,12,0.8872
joint,0.5,13,0.8859
joint,0.5,14,0.8882
joint,0.5,15,0.8869
joint,0.5,16,0.8778
joint,0.5,17,0.8865
joint,0.5,18,0.8771
joint,0.5,19,0.8890
joint,0.5,20,0.8897
joint,0.5,21,0.8877
joint,0.5,22,0.8882
joint,0.5,23,0.8894
joint,0.5,24,0.8821
joint,0.5,25,0.8921
joint,0.5,26,0.8894
joint,0.5,27,0.8774
joint,0.5,28,0.8797
joint,0.5,29,0.8990
joint,0.5,30,0.8973
joint,0.5,31,0.8815
joint,0.5,32,0.8897
joint,0.5,33,0.8923
joint,0.5,34,0.8816
joint,0.5,35,0.8787
joint,0.5,36,0.8638
joint,0.5,37,0.8759
joint,0.5,38,0.8806
joint,0.5,39,0.8923
joint,0.5,40,0.8829
joint,0.5,41,0.8828
joint,0.5,42,0.8790
joint,0.5,43,0.8969
joint,0.5,44,0.8925
joint,0.5,45,0.8833
joint,0.5,46,0.8867
joint,0.5,47,0.8812
joint,0.5,48,0.8847
joint,0.5,49,0.8829
joint,0.75,0,0.9117
joint,0.75,1,0.9120
joint,0.75,2,0.8995
joint,0.75,3,0.9055
joint,0.75,4,0.9005
joint,0.75,5,0.9003
joint,0.75,6,0.8961
joint,0.75,7,0.9052
joint,0.75,8,0.9126
joint,0.75,9,0.9042
joint,0.75,10,0.9120
joint,0.75,11,0.9151
joint,0.75,12,0.9058
joint,0.75,13,0.9039
joint,0.75,14,0.9024
joint,0.75,15,0.9104
joint,0.75,16,0.9051
joint,0.75,17,0.8931
joint,0.75,18,0.8929
joint,0.75,19,0.8981
joint,0.75,20,0.9066
joint,0.75,21,0.9100
joint,0.75,22,0.9137
joint,0.75,23,0.9056
joint,0.75,24,0.9038
joint,0.75,25,0.9114
joint,0.75,26,0.9041
joint,0.75,27,0.9026
joint,0.75,28,0.9147
joint,0.75,29,0.9109
joint,0.75,30,0.8876
joint,0.75,31,0.8967
joint,0.75,32,0.9018
joint,0.75,33,0.9044
joint,0.75,34,0.9080
joint,0.75,35,0.9105
joint,0.75,36,0.9108
joint,0.75,37,0.8984
joint,0.75,38,0.9151
joint,0.75,39,0.9153
joint,0.75,40,0.9108
joint,0.75,41,0.8920
joint,0.75,42,0.8989
joint,0.75,43,0.9046
joint,0.75,44,0.9057
joint,0.75,45,0.9106
joint,0.75,46,0.9002
joint,0.75,47,0.9072
joint,0.75,48,0.9086
joint,0.75,49,0.9053
joint,1.0,0,0.9398
joint,1.0,1,0.9398
joint,1.0,2,0.9398
joint,1.0,3,0.9398
joint,1.0,4,0.9398
joint,1.0,5,0.9398
joint,1.0,6,0.9398
joint,1.0,7,0.9398
joint,1.0,8,0.9398
joint,1.0,9,0.9398
joint,1.0,10,0.9398
joint,1.0,11,0.9398
joint,1.0,12,0.9398
joint,1.0,13,0.9398
joint,1.0,14,0.9398
joint,1.0,15,0.9398
joint,1.0,16,0.9398
joint,1.0,17,0.9398
joint,1.0,18,0.9398
joint,1.0,19,0.9398
joint,1.0,20,0.9398
joint,1.0,21,0.9398
joint,1.0,22,0.9398
joint,1.0,23,0.9398
joint,1.0,24,0.9398
joint,1.0,25,0.9398
joint,1.0,26,0.9398
joint,1.0,27,0.9398
joint,1.0,28,0.9398
joint,1.0,29,0.9398
joint,1.0,30,0.9398
joint,1.0,31,0.9398
joint,1.0,32,0.9398
joint,1.0,33,0.9398
joint,1.0,34,0.9398
joint,1.0,35,0.9398
joint,1.0,36,0.9398
joint,1.0,37,0.9398
joint,1.0,38,0.9398
joint,1.0,39,0.9398
joint,1.0,40,0.9398
joint,1.0,41,0.9398
joint,1.0,42,0.9398
joint,1.0,43,0.9398
joint,1.0,44,0.9398
joint,1.0,45,0.9398
joint,1.0,46,0.9398
joint,1.0,47,0.9398
joint,1.0,48,0.9398
joint,1.0,49,0.9398
query_only,0.0,0,0.8745
query_only,0.0,1,0.8745
query_only,0.0,2,0.8745
query_only,0.0,3,0.8745
query_only,0.0,4,0.8745
query_only,0.0,5,0.8745
query_only,0.0,6,0.8745
query_only,0.0,7,0.8745
query_only,0.0,8,0.8745
query_only,0.0,9,0.8745
query_only,0.0,10,0.8745
query_only,0.0,11,0.8745
query_only,0.0,12,0.8745
query_only,0.0,13,0.8745
query_only,0.0,14,0.8745
query_only,0.0,15,0.8745
query_only,0.0,16,0.8745
query_only,0.0,17,0.8745
query_only,0.0,18,0.8745
query_only,0.0,19,0.8745
query_only,0.0,20,0.8745
query_only,0.0,21,0.8745
query_only,0.0,22,0.8745
query_only,0.0,23,0.8745
query_only,0.0,24,0.8745
query_only,0.0,25,0.8745
query_only,0.0,26,0.8745
query_only,0.0,27,0.8745
query_only,0.0,28,0.8745
query_only,0.0,29,0.8745
query_only,0.0,30,0.8745
query_only,0.0,31,0.8745
query_only,0.0,32,0.8745
query_only,0.0,33,0.8745
query_only,0.0,34,0.8745
query_only,0.0,35,0.8745
query_only,0.0,36,0.8745
query_only,0.0,37,0.8745
query_only,0.0,38,0.8745
query_only,0.0,39,0.8745
query_only,0.0,40,0.8745
query_only,0.0,41,0.8745
query_only,0.0,42,0.8745
query_only,0.0,43,0.8745
query_only,0.0,44,0.8745
query_only,0.0,45,0.8745
query_only,0.0,46,0.8745
query_only,0.0,47,0.8745
query_only,0.0,48,0.8745
query_only,0.0,49,0.8745
query_only,0.05,0,0.8745
query_only,0.05,1,0.8745
query_only,0.05,2,0.8728
query_only,0.05,3,0.8745
query_only,0.05,4,0.8745
query_only,0.05,5,0.8728
query_only,0.05,6,0.8745
query_only,0.05,7,0.8745
query_only,0.05,8,0.8745
query_only,0.05,9,0.8745
query_only,0.05,10,0.8718
query_only,0.05,11,0.8745
query_only,0.05,12,0.8745
query_only,0.05,13,0.8728
query_only,0.05,14,0.8745
query_only,0.05,15,0.8745
query_only,0.05,16,0.8745
query_only,0.05,17,0.8745
query_only,0.05,18,0.8745
query_only,0.05,19,0.8745
query_only,0.05,20,0.8728
query_only,0.05,21,0.8745
query_only,0.05,22,0.8745
query_only,0.05,23,0.8745
query_only,0.05,24,0.8745
query_only,0.05,25,0.8732
query_only,0.05,26,0.8745
query_only,0.05,27,0.8732
query_only,0.05,28,0.8757
query_only,0.05,29,0.8745
query_only,0.05,30,0.8745
query_only,0.05,31,0.8735
query_only,0.05,32,0.8745
query_only,0.05,33,0.8745
query_only,0.05,34,0.8745
query_only,0.05,35,0.8745
query_only,0.05,36,0.8745
query_only,0.05,37,0.8745
query_only,0.05,38,0.8745
query_only,0.05,39,0.8745
query_only,0.05,40,0.8745
query_only,0.05,41,0.8745
query_only,0.05,42,0.8745
query_only,0.05,43,0.8745
query_only,0.05,44,0.8745
query_only,0.05,45,0.8745
query_only,0.05,46,0.8745
query_only,0.05,47,0.8745
query_only,0.05,48,0.8745
query_only,0.05,49,0.8745
query_only,0.1,0,0.8745
query_only,0.1,1,0.8745
query_only,0.1,2,0.8745
query_only,0.1,3,0.8747
query_only,0.1,4,0.8757
query_only,0.1,5,0.8757
query_only,0.1,6,0.8722
query_only,0.1,7,0.8728
query_only,0.1,8,0.8745
query_only,0.1,9,0.8745
query_only,0.1,10,0.8745
query_only,0.1,11,0.8745
query_only,0.1,12,0.8745
query_only,0.1,13,0.8745
query_only,0.1,14,0.8732
query_only,0.1,15,0.8735
query_only,0.1,16,0.8757
query_only,0.1,17,0.8745
query_only,0.1,18,0.8735
query_only,0.1,19,0.8728
query_only,0.1,20,0.8745
query_only,0.1,21,0.8757
query_only,0.1,22,0.8745
query_only,0.1,23,0.8745
query_only,0.1,24,0.8728
query_only,0.1,25,0.8735
query_only,0.1,26,0.8732
query_only,0.1,27,0.8735
query_only,0.1,28,0.8728
query_only,0.1,29,0.8757
query_only,0.1,30,0.8745
query_only,0.1,31,0.8745
query_only,0.1,32,0.8745
query_only,0.1,33,0.8745
query_only,0.1,34,0.8745
query_only,0.1,35,0.8745
query_only,0.1,36,0.8735
query_only,0.1,37,0.8745
query_only,0.1,38,0.8741
query_only,0.1,39,0.8745
query_only,0.1,40,0.8745
query_only,0.1,41,0.8712
query_only,0.1,42,0.8735
query_only,0.1,43,0.8745
query_only,0.1,44,0.8745
query_only,0.1,45,0.8728
query_only,0.1,46,0.8712
query_only,0.1,47,0.8745
query_only,0.1,48,0.8745
query_only,0.1,49,0.8722
query_only,0.25,0,0.8732
query_only,0.25,1,0.8735
query_only,0.25,2,0.8706
query_only,0.25,3,0.8745
query_only,0.25,4,0.8745
query_only,0.25,5,0.8745
query_only,0.25,6,0.8757
query_only,0.25,7,0.8745
query_only,0.25,8,0.8732
query_only,0.25,9,0.8718
query_only,0.25,10,0.8728
query_only,0.25,11,0.8716
query_only,0.25,12,0.8732
query_only,0.25,13,0.8735
query_only,0.25,14,0.8718
query_only,0.25,15,0.8731
query_only,0.25,16,0.8718
query_only,0.25,17,0.8718
query_only,0.25,18,0.8741
query_only,0.25,19,0.8728
query_only,0.25,20,0.8722
query_only,0.25,21,0.8745
query_only,0.25,22,0.8745
query_only,0.25,23,0.8716
query_only,0.25,24,0.8735
query_only,0.25,25,0.8745
query_only,0.25,26,0.8745
query_only,0.25,27,0.8735
query_only,0.25,28,0.8747
query_only,0.25,29,0.8728
query_only,0.25,30,0.8735
query_only,0.25,31,0.8757
query_only,0.25,32,0.8718
query_only,0.25,33,0.8745
query_only,0.25,34,0.8735
query_only,0.25,35,0.8689
query_only,0.25,36,0.8745
query_only,0.25,37,0.8728
query_only,0.25,38,0.8747
query_only,0.25,39,0.8728
query_only,0.25,40,0.8745
query_only,0.25,41,0.8735
query_only,0.25,42,0.8745
query_only,0.25,43,0.8757
query_only,0.25,44,0.8745
query_only,0.25,45,0.8718
query_only,0.25,46,0.8757
query_only,0.25,47,0.8741
query_only,0.25,48,0.8745
query_only,0.25,49,0.8741
query_only,0.5,0,0.8741
query_only,0.5,1,0.8732
query_only,0.5,2,0.8706
query_only,0.5,3,0.8735
query_only,0.5,4,0.8706
query_only,0.5,5,0.8716
query_only,0.5,6,0.8747
query_only,0.5,7,0.8745
query_only,0.5,8,0.8732
query_only,0.5,9,0.8706
query_only,0.5,10,0.8731
query_only,0.5,11,0.8745
query_only,0.5,12,0.8741
query_only,0.5,13,0.8718
query_only,0.5,14,0.8724
query_only,0.5,15,0.8757
query_only,0.5,16,0.8731
query_only,0.5,17,0.8735
query_only,0.5,18,0.8735
query_only,0.5,19,0.8745
query_only,0.5,20,0.8718
query_only,0.5,21,0.8745
query_only,0.5,22,0.8728
query_only,0.5,23,0.8735
query_only,0.5,24,0.8712
query_only,0.5,25,0.8689
query_only,0.5,26,0.8714
query_only,0.5,27,0.8718
query_only,0.5,28,0.8728
query_only,0.5,29,0.8714
query_only,0.5,30,0.8702
query_only,0.5,31,0.8724
query_only,0.5,32,0.8732
query_only,0.5,33,0.8745
query_only,0.5,34,0.8728
query_only,0.5,35,0.8699
query_only,0.5,36,0.8714
query_only,0.5,37,0.8706
query_only,0.5,38,0.8718
query_only,0.5,39,0.8745
query_only,0.5,40,0.8716
query_only,0.5,41,0.8718
query_only,0.5,42,0.8728
query_only,0.5,43,0.8706
query_only,0.5,44,0.8745
query_only,0.5,45,0.8745
query_only,0.5,46,0.8728
query_only,0.5,47,0.8741
query_only,0.5,48,0.8757
query_only,0.5,49,0.8757
query_only,0.75,0,0.8702
query_only,0.75,1,0.8702
query_only,0.75,2,0.8714
query_only,0.75,3,0.8702
query_only,0.75,4,0.8689
query_only,0.75,5,0.8702
query_only,0.75,6,0.8702
query_only,0.75,7,0.8718
query_only,0.75,8,0.8735
query_only,0.75,9,0.8702
query_only,0.75,10,0.8741
query_only,0.75,11,0.8702
query_only,0.75,12,0.8702
query_only,0.75,13,0.8728
query_only,0.75,14,0.8718
query_only,0.75,15,0.8702
query_only,0.75,16,0.8689
query_only,0.75,17,0.8728
query_only,0.75,18,0.8735
query_only,0.75,19,0.8714
query_only,0.75,20,0.8702
query_only,0.75,21,0.8702
query_only,0.75,22,0.8702
query_only,0.75,23,0.8728
query_only,0.75,24,0.8702
query_only,0.75,25,0.8702
query_only,0.75,26,0.8718
query_only,0.75,27,0.8718
query_only,0.75,28,0.8706
query_only,0.75,29,0.8714
query_only,0.75,30,0.8706
query_only,0.75,31,0.8712
query_only,0.75,32,0.8706
query_only,0.75,33,0.8702
query_only,0.75,34,0.8702
query_only,0.75,35,0.8702
query_only,0.75,36,0.8745
query_only,0.75,37,0.8706
query_only,0.75,38,0.8718
query_only,0.75,39,0.8718
query_only,0.75,40,0.8699
query_only,0.75,41,0.8712
query_only,0.75,42,0.8741
query_only,0.75,43,0.8689
query_only,0.75,44,0.8718
query_only,0.75,45,0.8706
query_only,0.75,46,0.8728
query_only,0.75,47,0.8728
query_only,0.75,48,0.8718
query_only,0.75,49,0.8702
query_only,1.0,0,0.8702
query_only,1.0,1,0.8702
query_only,1.0,2,0.8702
query_only,1.0,3,0.8702
query_only,1.0,4,0.8702
query_only,1.0,5,0.8702
query_only,1.0,6,0.8702
query_only,1.0,7,0.8702
query_only,1.0,8,0.8702
query_only,1.0,9,0.8702
query_only,1.0,10,0.8702
query_only,1.0,11,0.8702
query_only,1.0,12,0.8702
query_only,1.0,13,0.8702
query_only,1.0,14,0.8702
query_only,1.0,15,0.8702
query_only,1.0,16,0.8702
query_only,1.0,17,0.8702
query_only,1.0,18,0.8702
query_only,1.0,19,0.8702
query_only,1.0,20,0.8702
query_only,1.0,21,0.8702
query_only,1.0,22,0.8702
query_only,1.0,23,0.8702
query_only,1.0,24,0.8702
query_only,1.0,25,0.8702
query_only,1.0,26,0.8702
query_only,1.0,27,0.8702
query_only,1.0,28,0.8702
query_only,1.0,29,0.8702
query_only,1.0,30,0.8702
query_only,1.0,31,0.8702
query_only,1.0,32,0.8702
query_only,1.0,33,0.8702
query_only,1.0,34,0.8702
query_only,1.0,35,0.8702
query_only,1.0,36,0.8702
query_only,1.0,37,0.8702
query_only,1.0,38,0.8702
query_only,1.0,39,0.8702
query_only,1.0,40,0.8702
query_only,1.0,41,0.8702
query_only,1.0,42,0.8702
query_only,1.0,43,0.8702
query_only,1.0,44,0.8702
query_only,1.0,45,0.8702
query_only,1.0,46,0.8702
query_only,1.0,47,0.8702
query_only,1.0,48,0.8702
query_only,1.0,49,0.8702
evidence_only,0.0,0,0.8745
evidence_only,0.0,1,0.8745
evidence_only,0.0,2,0.8745
evidence_only,0.0,3,0.8745
evidence_only,0.0,4,0.8745
evidence_only,0.0,5,0.8745
evidence_only,0.0,6,0.8745
evidence_only,0.0,7,0.8745
evidence_only,0.0,8,0.8745
evidence_only,0.0,9,0.8745
evidence_only,0.0,10,0.8745
evidence_only,0.0,11,0.8745
evidence_only,0.0,12,0.8745
evidence_only,0.0,13,0.8745
evidence_only,0.0,14,0.8745
evidence_only,0.0,15,0.8745
evidence_only,0.0,16,0.8745
evidence_only,0.0,17,0.8745
evidence_only,0.0,18,0.8745
evidence_only,0.0,19,0.8745
evidence_only,0.0,20,0.8745
evidence_only,0.0,21,0.8745
evidence_only,0.0,22,0.8745
evidence_only,0.0,23,0.8745
evidence_only,0.0,24,0.8745
evidence_only,0.0,25,0.8745
evidence_only,0.0,26,0.8745
evidence_only,0.0,27,0.8745
evidence_only,0.0,28,0.8745
evidence_only,0.0,29,0.8745
evidence_only,0.0,30,0.8745
evidence_only,0.0,31,0.8745
evidence_only,0.0,32,0.8745
evidence_only,0.0,33,0.8745
evidence_only,0.0,34,0.8745
evidence_only,0.0,35,0.8745
evidence_only,0.0,36,0.8745
evidence_only,0.0,37,0.8745
evidence_only,0.0,38,0.8745
evidence_only,0.0,39,0.8745
evidence_only,0.0,40,0.8745
evidence_only,0.0,41,0.8745
evidence_only,0.0,42,0.8745
evidence_only,0.0,43,0.8745
evidence_only,0.0,44,0.8745
evidence_only,0.0,45,0.8745
evidence_only,0.0,46,0.8745
evidence_only,0.0,47,0.8745
evidence_only,0.0,48,0.8745
evidence_only,0.0,49,0.8745
evidence_only,0.05,0,0.8707
evidence_only,0.05,1,0.8741
evidence_only,0.05,2,0.8657
evidence_only,0.05,3,0.8732
evidence_only,0.05,4,0.8807
evidence_only,0.05,5,0.8737
evidence_only,0.05,6,0.8799
evidence_only,0.05,7,0.8774
evidence_only,0.05,8,0.8758
evidence_only,0.05,9,0.8682
evidence_only,0.05,10,0.8628
evidence_only,0.05,11,0.8757
evidence_only,0.05,12,0.8770
evidence_only,0.05,13,0.8695
evidence_only,0.05,14,0.8787
evidence_only,0.05,15,0.8765
evidence_only,0.05,16,0.8745
evidence_only,0.05,17,0.8753
evidence_only,0.05,18,0.8720
evidence_only,0.05,19,0.8730
evidence_only,0.05,20,0.8807
evidence_only,0.05,21,0.8732
evidence_only,0.05,22,0.8718
evidence_only,0.05,23,0.8703
evidence_only,0.05,24,0.8705
evidence_only,0.05,25,0.8741
evidence_only,0.05,26,0.8733
evidence_only,0.05,27,0.8770
evidence_only,0.05,28,0.8765
evidence_only,0.05,29,0.8702
evidence_only,0.05,30,0.8720
evidence_only,0.05,31,0.8759
evidence_only,0.05,32,0.8707
evidence_only,0.05,33,0.8787
evidence_only,0.05,34,0.8745
evidence_only,0.05,35,0.8728
evidence_only,0.05,36,0.8782
evidence_only,0.05,37,0.8780
evidence_only,0.05,38,0.8772
evidence_only,0.05,39,0.8774
evidence_only,0.05,40,0.8802
evidence_only,0.05,41,0.8678
evidence_only,0.05,42,0.8777
evidence_only,0.05,43,0.8691
evidence_only,0.05,44,0.8732
evidence_only,0.05,45,0.8757
evidence_only,0.05,46,0.8720
evidence_only,0.05,47,0.8714
evidence_only,0.05,48,0.8724
evidence_only,0.05,49,0.8711
evidence_only,0.1,0,0.8691
evidence_only,0.1,1,0.8766
evidence_only,0.1,2,0.8780
evidence_only,0.1,3,0.8660
evidence_only,0.1,4,0.8762
evidence_only,0.1,5,0.8660
evidence_only,0.1,6,0.8839
evidence_only,0.1,7,0.8732
evidence_only,0.1,8,0.8702
evidence_only,0.1,9,0.8742
evidence_only,0.1,10,0.8749
evidence_only,0.1,11,0.8735
evidence_only,0.1,12,0.8702
evidence_only,0.1,13,0.8723
evidence_only,0.1,14,0.8828
evidence_only,0.1,15,0.8666
evidence_only,0.1,16,0.8759
evidence_only,0.1,17,0.8823
evidence_only,0.1,18,0.8705
evidence_only,0.1,19,0.8803
evidence_only,0.1,20,0.8692
evidence_only,0.1,21,0.8803
evidence_only,0.1,22,0.8670
evidence_only,0.1,23,0.8718
evidence_only,0.1,24,0.8712
evidence_only,0.1,25,0.8730
evidence_only,0.1,26,0.8778
evidence_only,0.1,27,0.8736
evidence_only,0.1,28,0.8712
evidence_only,0.1,29,0.8752
evidence_only,0.1,30,0.8755
evidence_only,0.1,31,0.8745
evidence_only,0.1,32,0.8682
evidence_only,0.1,33,0.8804
evidence_only,0.1,34,0.8742
evidence_only,0.1,35,0.8780
evidence_only,0.1,36,0.8786
evidence_only,0.1,37,0.8814
evidence_only,0.1,38,0.8716
evidence_only,0.1,39,0.8747
evidence_only,0.1,40,0.8682
evidence_only,0.1,41,0.8757
evidence_only,0.1,42,0.8741
evidence_only,0.1,43,0.8682
evidence_only,0.1,44,0.8767
evidence_only,0.1,45,0.8784
evidence_only,0.1,46,0.8666
evidence_only,0.1,47,0.8657
evidence_only,0.1,48,0.8764
evidence_only,0.1,49,0.8753
evidence_only,0.25,0,0.8747
evidence_only,0.25,1,0.8772
evidence_only,0.25,2,0.8681
evidence_only,0.25,3,0.8866
evidence_only,0.25,4,0.8668
evidence_only,0.25,5,0.8759
evidence_only,0.25,6,0.8787
evidence_only,0.25,7,0.8722
evidence_only,0.25,8,0.8851
evidence_only,0.25,9,0.8776
evidence_only,0.25,10,0.8640
evidence_only,0.25,11,0.8793
evidence_only,0.25,12,0.8732
evidence_only,0.25,13,0.8808
evidence_only,0.25,14,0.8777
evidence_only,0.25,15,0.8763
evidence_only,0.25,16,0.8772
evidence_only,0.25,17,0.8712
evidence_only,0.25,18,0.8712
evidence_only,0.25,19,0.8774
evidence_only,0.25,20,0.8742
evidence_only,0.25,21,0.8715
evidence_only,0.25,22,0.8871
evidence_only,0.25,23,0.8792
evidence_only,0.25,24,0.8768
evidence_only,0.25,25,0.8683
evidence_only,0.25,26,0.8666
evidence_only,0.25,27,0.8824
evidence_only,0.25,28,0.8744
evidence_only,0.25,29,0.8784
evidence_only,0.25,30,0.8727
evidence_only,0.25,31,0.8792
evidence_only,0.25,32,0.8808
evidence_only,0.25,33,0.8710
evidence_only,0.25,34,0.8791
evidence_only,0.25,35,0.8733
evidence_only,0.25,36,0.8771
evidence_only,0.25,37,0.8697
evidence_only,0.25,38,0.8762
evidence_only,0.25,39,0.8707
evidence_only,0.25,40,0.8759
evidence_only,0.25,41,0.8824
evidence_only,0.25,42,0.8768
evidence_only,0.25,43,0.8718
evidence_only,0.25,44,0.8785
evidence_only,0.25,45,0.8825
evidence_only,0.25,46,0.8703
evidence_only,0.25,47,0.8780
evidence_only,0.25,48,0.8772
evidence_only,0.25,49,0.8747
evidence_only,0.5,0,0.8757
evidence_only,0.5,1,0.8819
evidence_only,0.5,2,0.8828
evidence_only,0.5,3,0.8810
evidence_only,0.5,4,0.8638
evidence_only,0.5,5,0.8698
evidence_only,0.5,6,0.8759
evidence_only,0.5,7,0.8878
evidence_only,0.5,8,0.8826
evidence_only,0.5,9,0.8624
evidence_only,0.5,10,0.8794
evidence_only,0.5,11,0.8978
evidence_only,0.5,12,0.8659
evidence_only,0.5,13,0.8894
evidence_only,0.5,14,0.8642
evidence_only,0.5,15,0.8810
evidence_only,0.5,16,0.8791
evidence_only,0.5,17,0.8778
evidence_only,0.5,18,0.8872
evidence_only,0.5,19,0.8809
evidence_only,0.5,20,0.8828
evidence_only,0.5,21,0.8853
evidence_only,0.5,22,0.8827
evidence_only,0.5,23,0.8746
evidence_only,0.5,24,0.8866
evidence_only,0.5,25,0.8752
evidence_only,0.5,26,0.8708
evidence_only,0.5,27,0.8757
evidence_only,0.5,28,0.8818
evidence_only,0.5,29,0.8725
evidence_only,0.5,30,0.8874
evidence_only,0.5,31,0.8674
evidence_only,0.5,32,0.8804
evidence_only,0.5,33,0.8726
evidence_only,0.5,34,0.8766
evidence_only,0.5,35,0.8743
evidence_only,0.5,36,0.8862
evidence_only,0.5,37,0.8769
evidence_only,0.5,38,0.8726
evidence_only,0.5,39,0.8777
evidence_only,0.5,40,0.8682
evidence_only,0.5,41,0.8886
evidence_only,0.5,42,0.8737
evidence_only,0.5,43,0.8739
evidence_only,0.5,44,0.8761
evidence_only,0.5,45,0.8693
evidence_only,0.5,46,0.8903
evidence_only,0.5,47,0.8823
evidence_only,0.5,48,0.8842
evidence_only,0.5,49,0.8784
evidence_only,0.75,0,0.8948
evidence_only,0.75,1,0.8851
evidence_only,0.75,2,0.8873
evidence_only,0.75,3,0.8867
evidence_only,0.75,4,0.8973
evidence_only,0.75,5,0.8807
evidence_only,0.75,6,0.8697
evidence_only,0.75,7,0.8916
evidence_only,0.75,8,0.8958
evidence_only,0.75,9,0.8774
evidence_only,0.75,10,0.8726
evidence_only,0.75,11,0.8956
evidence_only,0.75,12,0.8890
evidence_only,0.75,13,0.8854
evidence_only,0.75,14,0.8793
evidence_only,0.75,15,0.8941
evidence_only,0.75,16,0.8762
evidence_only,0.75,17,0.8751
evidence_only,0.75,18,0.8828
evidence_only,0.75,19,0.8914
evidence_only,0.75,20,0.8853
evidence_only,0.75,21,0.8924
evidence_only,0.75,22,0.8853
evidence_only,0.75,23,0.8927
evidence_only,0.75,24,0.8908
evidence_only,0.75,25,0.8911
evidence_only,0.75,26,0.8765
evidence_only,0.75,27,0.8880
evidence_only,0.75,28,0.8798
evidence_only,0.75,29,0.8918
evidence_only,0.75,30,0.8902
evidence_only,0.75,31,0.8883
evidence_only,0.75,32,0.8832
evidence_only,0.75,33,0.8886
evidence_only,0.75,34,0.8957
evidence_only,0.75,35,0.8815
evidence_only,0.75,36,0.8888
evidence_only,0.75,37,0.8863
evidence_only,0.75,38,0.9028
evidence_only,0.75,39,0.8918
evidence_only,0.75,40,0.8790
evidence_only,0.75,41,0.8977
evidence_only,0.75,42,0.8793
evidence_only,0.75,43,0.8964
evidence_only,0.75,44,0.8739
evidence_only,0.75,45,0.8996
evidence_only,0.75,46,0.8975
evidence_only,0.75,47,0.8919
evidence_only,0.75,48,0.8842
evidence_only,0.75,49,0.8708
evidence_only,1.0,0,0.9219
evidence_only,1.0,1,0.9219
evidence_only,1.0,2,0.9219
evidence_only,1.0,3,0.9219
evidence_only,1.0,4,0.9219
evidence_only,1.0,5,0.9219
evidence_only,1.0,6,0.9219
evidence_only,1.0,7,0.9219
evidence_only,1.0,8,0.9219
evidence_only,1.0,9,0.9219
evidence_only,1.0,10,0.9219
evidence_only,1.0,11,0.9219
evidence_only,1.0,12,0.9219
evidence_only,1.0,13,0.9219
evidence_only,1.0,14,0.9219
evidence_only,1.0,15,0.9219
evidence_only,1.0,16,0.9219
evidence_only,1.0,17,0.9219
evidence_only,1.0,18,0.9219
evidence_only,1.0,19,0.9219
evidence_only,1.0,20,0.9219
evidence_only,1.0,21,0.9219
evidence_only,1.0,22,0.9219
evidence_only,1.0,23,0.9219
evidence_only,1.0,24,0.9219
evidence_only,1.0,25,0.9219
evidence_only,1.0,26,0.9219
evidence_only,1.0,27,0.9219
evidence_only,1.0,28,0.9219
evidence_only,1.0,29,0.9219
evidence_only,1.0,30,0.9219
evidence_only,1.0,31,0.9219
evidence_only,1.0,32,0.9219
evidence_only,1.0,33,0.9219
evidence_only,1.0,34,0.9219
evidence_only,1.0,35,0.9219
evidence_only,1.0,36,0.9219
evidence_only,1.0,37,0.9219
evidence_only,1.0,38,0.9219
evidence_only,1.0,39,0.9219
evidence_only,1.0,40,0.9219
evidence_only,1.0,41,0.9219
evidence_only,1.0,42,0.9219
evidence_only,1.0,43,0.9219
evidence_only,1.0,44,0.9219
evidence_only,1.0,45,0.9219
evidence_only,1.0,46,0.9219
evidence_only,1.0,47,0.9219
evidence_only,1.0,48,0.9219
evidence_only,1.0,49,0.9219
