split,method,k,n_qid,demand_cov_at_k,ndcg_at_k,official_ndcg_10,unique_demand_count,mean_gold_relevance,mean_reranker_score,mean_pairwise_similarity,redundancy,full_query_coverage_rate,risk_demand_coverage_rate,risk_qid_count,evidence_status,source_file,source_commit,source_sha256,local_rerun
formal_train,B0,3,200,0.81141667,0.89783897,0.46898218,2.30000000,1.77000000,0.97276561,0.25045222,0.58316667,0.57500000,0.71698113,106,VERIFIED_FROM_RELEASE,paper_results/revision_v5/tables/topk_sensitivity_summary.csv,876a16d098e1da3f642ef70854cbc985bae5f9e3,d80596b5952071be71ab0edf05829ee7ae29a82e2d45bf7e5150b70249a579aa,false
formal_train,B0,5,200,0.87625000,0.89977570,0.64129537,2.45500000,1.75200000,0.95559421,0.21481552,0.58265000,0.67000000,0.77358491,106,VERIFIED_FROM_RELEASE,paper_results/revision_v5/tables/topk_sensitivity_summary.csv,876a16d098e1da3f642ef70854cbc985bae5f9e3,d80596b5952071be71ab0edf05829ee7ae29a82e2d45bf7e5150b70249a579aa,false
formal_train,B0,7,200,0.91133333,0.90482654,0.77974031,2.56500000,1.73000000,0.93150649,0.19853779,0.56877778,0.75000000,0.83018868,106,VERIFIED_FROM_RELEASE,paper_results/revision_v5/tables/topk_sensitivity_summary.csv,876a16d098e1da3f642ef70854cbc985bae5f9e3,d80596b5952071be71ab0edf05829ee7ae29a82e2d45bf7e5150b70249a579aa,false
formal_train,D0,3,200,0.93983333,0.83731329,0.44559642,2.65500000,1.57333333,0.94586623,0.18307042,0.35777778,0.82500000,0.87735849,106,VERIFIED_FROM_RELEASE,paper_results/revision_v5/tables/topk_sensitivity_summary.csv,876a16d098e1da3f642ef70854cbc985bae5f9e3,d80596b5952071be71ab0edf05829ee7ae29a82e2d45bf7e5150b70249a579aa,false
formal_train,D0,5,200,0.93983333,0.84198448,0.60117605,2.65500000,1.59200000,0.93702655,0.18556089,0.44148333,0.82500000,0.87735849,106,VERIFIED_FROM_RELEASE,paper_results/revision_v5/tables/topk_sensitivity_summary.csv,876a16d098e1da3f642ef70854cbc985bae5f9e3,d80596b5952071be71ab0edf05829ee7ae29a82e2d45bf7e5150b70249a579aa,false
formal_train,D0,7,200,0.94108333,0.86135759,0.74186153,2.66000000,1.62714286,0.91847966,0.18544438,0.49132540,0.83000000,0.88679245,106,VERIFIED_FROM_RELEASE,paper_results/revision_v5/tables/topk_sensitivity_summary.csv,876a16d098e1da3f642ef70854cbc985bae5f9e3,d80596b5952071be71ab0edf05829ee7ae29a82e2d45bf7e5150b70249a579aa,false
formal_train,D1,3,200,0.90441667,0.84864706,0.44996037,2.54000000,1.60333333,0.95444857,0.19307360,0.39605556,0.73000000,0.80188679,106,VERIFIED_FROM_RELEASE,paper_results/revision_v5/tables/topk_sensitivity_summary.csv,876a16d098e1da3f642ef70854cbc985bae5f9e3,d80596b5952071be71ab0edf05829ee7ae29a82e2d45bf7e5150b70249a579aa,false
formal_train,D1,5,200,0.92191667,0.84981654,0.60648993,2.59000000,1.60800000,0.93980241,0.19097753,0.46295000,0.77000000,0.83018868,106,VERIFIED_FROM_RELEASE,paper_results/revision_v5/tables/topk_sensitivity_summary.csv,876a16d098e1da3f642ef70854cbc985bae5f9e3,d80596b5952071be71ab0edf05829ee7ae29a82e2d45bf7e5150b70249a579aa,false
formal_train,D1,7,200,0.93050000,0.86261691,0.74264455,2.62500000,1.62428571,0.91890303,0.18468757,0.49860317,0.79500000,0.84905660,106,VERIFIED_FROM_RELEASE,paper_results/revision_v5/tables/topk_sensitivity_summary.csv,876a16d098e1da3f642ef70854cbc985bae5f9e3,d80596b5952071be71ab0edf05829ee7ae29a82e2d45bf7e5150b70249a579aa,false
formal_train,D2,3,200,0.82566667,0.88993380,0.46473216,2.34000000,1.74666667,0.95617956,0.21292817,0.55655556,0.59000000,0.74528302,106,VERIFIED_FROM_RELEASE,paper_results/revision_v5/tables/topk_sensitivity_summary.csv,876a16d098e1da3f642ef70854cbc985bae5f9e3,d80596b5952071be71ab0edf05829ee7ae29a82e2d45bf7e5150b70249a579aa,false
formal_train,D2,5,200,0.87016667,0.88849010,0.63194051,2.45500000,1.72400000,0.93790117,0.19646365,0.55044167,0.66000000,0.79245283,106,VERIFIED_FROM_RELEASE,paper_results/revision_v5/tables/topk_sensitivity_summary.csv,876a16d098e1da3f642ef70854cbc985bae5f9e3,d80596b5952071be71ab0edf05829ee7ae29a82e2d45bf7e5150b70249a579aa,false
formal_train,D2,7,200,0.89783333,0.89106546,0.76665776,2.54000000,1.69857143,0.91659988,0.18808582,0.53988095,0.73000000,0.82075472,106,VERIFIED_FROM_RELEASE,paper_results/revision_v5/tables/topk_sensitivity_summary.csv,876a16d098e1da3f642ef70854cbc985bae5f9e3,d80596b5952071be71ab0edf05829ee7ae29a82e2d45bf7e5150b70249a579aa,false
formal_train,D3_TFIDF,3,200,0.82741667,0.88983793,0.46368079,2.33500000,1.74666667,0.94747085,0.21420628,0.56027778,0.59000000,0.73584906,106,VERIFIED_FROM_RELEASE,paper_results/revision_v5/tables/topk_sensitivity_summary.csv,876a16d098e1da3f642ef70854cbc985bae5f9e3,d80596b5952071be71ab0edf05829ee7ae29a82e2d45bf7e5150b70249a579aa,false
formal_train,D3_TFIDF,5,200,0.87450000,0.88610616,0.62930161,2.47000000,1.72000000,0.93613826,0.20032987,0.54776667,0.67000000,0.79245283,106,VERIFIED_FROM_RELEASE,paper_results/revision_v5/tables/topk_sensitivity_summary.csv,876a16d098e1da3f642ef70854cbc985bae5f9e3,d80596b5952071be71ab0edf05829ee7ae29a82e2d45bf7e5150b70249a579aa,false
formal_train,D3_TFIDF,7,200,0.90158333,0.89291300,0.76840068,2.54000000,1.70428571,0.91704275,0.19029093,0.54250000,0.73000000,0.82075472,106,VERIFIED_FROM_RELEASE,paper_results/revision_v5/tables/topk_sensitivity_summary.csv,876a16d098e1da3f642ef70854cbc985bae5f9e3,d80596b5952071be71ab0edf05829ee7ae29a82e2d45bf7e5150b70249a579aa,false
formal_train,MMR,3,200,0.83025000,0.88901217,0.46473174,2.34500000,1.74666667,0.96193732,0.10144442,0.52052778,0.60500000,0.70754717,106,VERIFIED_FROM_RELEASE,paper_results/revision_v5/tables/topk_sensitivity_summary.csv,876a16d098e1da3f642ef70854cbc985bae5f9e3,d80596b5952071be71ab0edf05829ee7ae29a82e2d45bf7e5150b70249a579aa,false
formal_train,MMR,5,200,0.87675000,0.88469032,0.62938052,2.47500000,1.72000000,0.94300213,0.13438561,0.52783333,0.68000000,0.76415094,106,VERIFIED_FROM_RELEASE,paper_results/revision_v5/tables/topk_sensitivity_summary.csv,876a16d098e1da3f642ef70854cbc985bae5f9e3,d80596b5952071be71ab0edf05829ee7ae29a82e2d45bf7e5150b70249a579aa,false
formal_train,MMR,7,200,0.92158333,0.89616014,0.77214888,2.60000000,1.71428571,0.92137263,0.15633298,0.53666270,0.77000000,0.83962264,106,VERIFIED_FROM_RELEASE,paper_results/revision_v5/tables/topk_sensitivity_summary.csv,876a16d098e1da3f642ef70854cbc985bae5f9e3,d80596b5952071be71ab0edf05829ee7ae29a82e2d45bf7e5150b70249a579aa,false
internal_blind,B0,3,200,0.87150000,0.66350203,0.39909441,3.70000000,1.03500000,0.94514050,0.23658162,0.51538889,0.70500000,0.96296296,54,VERIFIED_FROM_RELEASE,paper_results/revision_v5/tables/topk_sensitivity_summary.csv,876a16d098e1da3f642ef70854cbc985bae5f9e3,d80596b5952071be71ab0edf05829ee7ae29a82e2d45bf7e5150b70249a579aa,false
internal_blind,B0,5,200,0.91825000,0.69112824,0.53384659,4.06500000,1.02700000,0.90915489,0.19887160,0.50845833,0.80000000,0.98148148,54,VERIFIED_FROM_RELEASE,paper_results/revision_v5/tables/topk_sensitivity_summary.csv,876a16d098e1da3f642ef70854cbc985bae5f9e3,d80596b5952071be71ab0edf05829ee7ae29a82e2d45bf7e5150b70249a579aa,false
internal_blind,B0,7,200,0.93191667,0.71610912,0.63808714,4.27000000,1.00714286,0.87360165,0.18340854,0.50898413,0.83000000,0.98148148,54,VERIFIED_FROM_RELEASE,paper_results/revision_v5/tables/topk_sensitivity_summary.csv,876a16d098e1da3f642ef70854cbc985bae5f9e3,d80596b5952071be71ab0edf05829ee7ae29a82e2d45bf7e5150b70249a579aa,false
internal_blind,D0,3,200,0.98025000,0.63287144,0.37742344,4.07500000,0.98833333,0.91657836,0.20882744,0.41350000,0.93500000,0.98148148,54,VERIFIED_FROM_RELEASE,paper_results/revision_v5/tables/topk_sensitivity_summary.csv,876a16d098e1da3f642ef70854cbc985bae5f9e3,d80596b5952071be71ab0edf05829ee7ae29a82e2d45bf7e5150b70249a579aa,false
internal_blind,D0,5,200,0.98191667,0.65172854,0.49881433,4.33500000,0.97300000,0.89215687,0.18651709,0.45142500,0.94000000,0.98148148,54,VERIFIED_FROM_RELEASE,paper_results/revision_v5/tables/topk_sensitivity_summary.csv,876a16d098e1da3f642ef70854cbc985bae5f9e3,d80596b5952071be71ab0edf05829ee7ae29a82e2d45bf7e5150b70249a579aa,false
internal_blind,D0,7,200,0.98358333,0.68194103,0.60562402,4.49000000,0.97428571,0.86074236,0.17893024,0.47689683,0.94500000,0.98148148,54,VERIFIED_FROM_RELEASE,paper_results/revision_v5/tables/topk_sensitivity_summary.csv,876a16d098e1da3f642ef70854cbc985bae5f9e3,d80596b5952071be71ab0edf05829ee7ae29a82e2d45bf7e5150b70249a579aa,false
internal_blind,D1,3,200,0.93766667,0.64030251,0.38337091,4.13000000,0.98833333,0.91203584,0.19221423,0.40738889,0.84000000,0.96296296,54,VERIFIED_FROM_RELEASE,paper_results/revision_v5/tables/topk_sensitivity_summary.csv,876a16d098e1da3f642ef70854cbc985bae5f9e3,d80596b5952071be71ab0edf05829ee7ae29a82e2d45bf7e5150b70249a579aa,false
internal_blind,D1,5,200,0.95366667,0.66288648,0.50944678,4.37000000,0.97900000,0.89140284,0.18758094,0.45240833,0.88000000,0.98148148,54,VERIFIED_FROM_RELEASE,paper_results/revision_v5/tables/topk_sensitivity_summary.csv,876a16d098e1da3f642ef70854cbc985bae5f9e3,d80596b5952071be71ab0edf05829ee7ae29a82e2d45bf7e5150b70249a579aa,false
internal_blind,D1,7,200,0.96483333,0.69065508,0.61445639,4.50000000,0.97571429,0.86037136,0.17579734,0.47465476,0.90500000,0.98148148,54,VERIFIED_FROM_RELEASE,paper_results/revision_v5/tables/topk_sensitivity_summary.csv,876a16d098e1da3f642ef70854cbc985bae5f9e3,d80596b5952071be71ab0edf05829ee7ae29a82e2d45bf7e5150b70249a579aa,false
internal_blind,D2,3,200,0.87416667,0.65228293,0.38943426,3.70000000,1.00333333,0.92181151,0.20910633,0.49733333,0.71500000,0.96296296,54,VERIFIED_FROM_RELEASE,paper_results/revision_v5/tables/topk_sensitivity_summary.csv,876a16d098e1da3f642ef70854cbc985bae5f9e3,d80596b5952071be71ab0edf05829ee7ae29a82e2d45bf7e5150b70249a579aa,false
internal_blind,D2,5,200,0.92825000,0.66510197,0.51092204,4.10000000,0.97700000,0.89200043,0.18853107,0.48370000,0.82500000,0.96296296,54,VERIFIED_FROM_RELEASE,paper_results/revision_v5/tables/topk_sensitivity_summary.csv,876a16d098e1da3f642ef70854cbc985bae5f9e3,d80596b5952071be71ab0edf05829ee7ae29a82e2d45bf7e5150b70249a579aa,false
internal_blind,D2,7,200,0.94116667,0.69614477,0.61913683,4.28500000,0.97928571,0.85916208,0.17749238,0.49144444,0.85500000,0.98148148,54,VERIFIED_FROM_RELEASE,paper_results/revision_v5/tables/topk_sensitivity_summary.csv,876a16d098e1da3f642ef70854cbc985bae5f9e3,d80596b5952071be71ab0edf05829ee7ae29a82e2d45bf7e5150b70249a579aa,false
internal_blind,D3_TFIDF,3,200,0.86525000,0.63908867,0.38034590,3.72500000,0.99166667,0.91254412,0.19420262,0.48011111,0.70000000,0.96296296,54,VERIFIED_FROM_RELEASE,paper_results/revision_v5/tables/topk_sensitivity_summary.csv,876a16d098e1da3f642ef70854cbc985bae5f9e3,d80596b5952071be71ab0edf05829ee7ae29a82e2d45bf7e5150b70249a579aa,false
internal_blind,D3_TFIDF,5,200,0.92158333,0.65945772,0.50747247,4.09000000,0.97400000,0.88743562,0.18536925,0.47498333,0.81500000,0.96296296,54,VERIFIED_FROM_RELEASE,paper_results/revision_v5/tables/topk_sensitivity_summary.csv,876a16d098e1da3f642ef70854cbc985bae5f9e3,d80596b5952071be71ab0edf05829ee7ae29a82e2d45bf7e5150b70249a579aa,false
internal_blind,D3_TFIDF,7,200,0.93991667,0.68757756,0.61163092,4.29000000,0.96857143,0.85645918,0.17479040,0.48731746,0.85500000,0.98148148,54,VERIFIED_FROM_RELEASE,paper_results/revision_v5/tables/topk_sensitivity_summary.csv,876a16d098e1da3f642ef70854cbc985bae5f9e3,d80596b5952071be71ab0edf05829ee7ae29a82e2d45bf7e5150b70249a579aa,false
internal_blind,MMR,3,200,0.87383333,0.66004211,0.39701427,3.77000000,1.03000000,0.93426152,0.10989737,0.46666667,0.70500000,0.92592593,54,VERIFIED_FROM_RELEASE,paper_results/revision_v5/tables/topk_sensitivity_summary.csv,876a16d098e1da3f642ef70854cbc985bae5f9e3,d80596b5952071be71ab0edf05829ee7ae29a82e2d45bf7e5150b70249a579aa,false
internal_blind,MMR,5,200,0.93100000,0.67253109,0.51801722,4.16500000,0.99200000,0.89971092,0.13225414,0.47225000,0.83000000,0.98148148,54,VERIFIED_FROM_RELEASE,paper_results/revision_v5/tables/topk_sensitivity_summary.csv,876a16d098e1da3f642ef70854cbc985bae5f9e3,d80596b5952071be71ab0edf05829ee7ae29a82e2d45bf7e5150b70249a579aa,false
internal_blind,MMR,7,200,0.94550000,0.70280353,0.62582367,4.32000000,0.98928571,0.86194837,0.14712006,0.48325794,0.87000000,0.98148148,54,VERIFIED_FROM_RELEASE,paper_results/revision_v5/tables/topk_sensitivity_summary.csv,876a16d098e1da3f642ef70854cbc985bae5f9e3,d80596b5952071be71ab0edf05829ee7ae29a82e2d45bf7e5150b70249a579aa,false
cmedqa2_external,B0,3,142,0.91373239,0.68921996,0.39241064,3.75352113,1.08920188,0.90463503,0.22220078,0.58141628,0.80985915,0.96078431,51,VERIFIED_FROM_RELEASE,paper_results/revision_v5/tables/topk_sensitivity_summary.csv,876a16d098e1da3f642ef70854cbc985bae5f9e3,d80596b5952071be71ab0edf05829ee7ae29a82e2d45bf7e5150b70249a579aa,false
cmedqa2_external,B0,5,142,0.96302817,0.69558209,0.51658022,4.10563380,1.04929577,0.87074552,0.20751794,0.56390845,0.92253521,1.00000000,51,VERIFIED_FROM_RELEASE,paper_results/revision_v5/tables/topk_sensitivity_summary.csv,876a16d098e1da3f642ef70854cbc985bae5f9e3,d80596b5952071be71ab0edf05829ee7ae29a82e2d45bf7e5150b70249a579aa,false
cmedqa2_external,B0,7,142,0.97065728,0.71257794,0.61980032,4.28873239,1.02816901,0.83407662,0.19778662,0.55378940,0.94366197,1.00000000,51,VERIFIED_FROM_RELEASE,paper_results/revision_v5/tables/topk_sensitivity_summary.csv,876a16d098e1da3f642ef70854cbc985bae5f9e3,d80596b5952071be71ab0edf05829ee7ae29a82e2d45bf7e5150b70249a579aa,false
cmedqa2_external,D0,3,142,0.98356808,0.63599449,0.35688941,4.07042254,1.00469484,0.88248492,0.19018188,0.47957746,0.96478873,1.00000000,51,VERIFIED_FROM_RELEASE,paper_results/revision_v5/tables/topk_sensitivity_summary.csv,876a16d098e1da3f642ef70854cbc985bae5f9e3,d80596b5952071be71ab0edf05829ee7ae29a82e2d45bf7e5150b70249a579aa,false
cmedqa2_external,D0,5,142,0.98591549,0.65715936,0.48485928,4.28169014,1.00422535,0.85340138,0.19499408,0.50830986,0.97183099,1.00000000,51,VERIFIED_FROM_RELEASE,paper_results/revision_v5/tables/topk_sensitivity_summary.csv,876a16d098e1da3f642ef70854cbc985bae5f9e3,d80596b5952071be71ab0edf05829ee7ae29a82e2d45bf7e5150b70249a579aa,false
cmedqa2_external,D0,7,142,0.98591549,0.68506745,0.59417845,4.43661972,1.00603622,0.82170186,0.18935440,0.52076347,0.97183099,1.00000000,51,VERIFIED_FROM_RELEASE,paper_results/revision_v5/tables/topk_sensitivity_summary.csv,876a16d098e1da3f642ef70854cbc985bae5f9e3,d80596b5952071be71ab0edf05829ee7ae29a82e2d45bf7e5150b70249a579aa,false
cmedqa2_external,D1,3,142,0.97593897,0.65382100,0.37022952,4.15492958,1.03286385,0.87726780,0.18341189,0.45723787,0.94366197,1.00000000,51,VERIFIED_FROM_RELEASE,paper_results/revision_v5/tables/topk_sensitivity_summary.csv,876a16d098e1da3f642ef70854cbc985bae5f9e3,d80596b5952071be71ab0edf05829ee7ae29a82e2d45bf7e5150b70249a579aa,false
cmedqa2_external,D1,5,142,0.98356808,0.67023775,0.49607465,4.38028169,1.01267606,0.85353464,0.18857077,0.49929577,0.96478873,1.00000000,51,VERIFIED_FROM_RELEASE,paper_results/revision_v5/tables/topk_sensitivity_summary.csv,876a16d098e1da3f642ef70854cbc985bae5f9e3,d80596b5952071be71ab0edf05829ee7ae29a82e2d45bf7e5150b70249a579aa,false
cmedqa2_external,D1,7,142,0.98356808,0.69456935,0.60298843,4.49295775,1.00503018,0.82332903,0.18646217,0.51334675,0.96478873,1.00000000,51,VERIFIED_FROM_RELEASE,paper_results/revision_v5/tables/topk_sensitivity_summary.csv,876a16d098e1da3f642ef70854cbc985bae5f9e3,d80596b5952071be71ab0edf05829ee7ae29a82e2d45bf7e5150b70249a579aa,false
cmedqa2_external,D2,3,142,0.93661972,0.67027288,0.38214982,3.86619718,1.04929577,0.86614035,0.17162038,0.52586072,0.86619718,1.00000000,51,VERIFIED_FROM_RELEASE,paper_results/revision_v5/tables/topk_sensitivity_summary.csv,876a16d098e1da3f642ef70854cbc985bae5f9e3,d80596b5952071be71ab0edf05829ee7ae29a82e2d45bf7e5150b70249a579aa,false
cmedqa2_external,D2,5,142,0.97652582,0.68197839,0.50741194,4.18309859,1.02676056,0.84584200,0.18337897,0.53330986,0.94366197,1.00000000,51,VERIFIED_FROM_RELEASE,paper_results/revision_v5/tables/topk_sensitivity_summary.csv,876a16d098e1da3f642ef70854cbc985bae5f9e3,d80596b5952071be71ab0edf05829ee7ae29a82e2d45bf7e5150b70249a579aa,false
cmedqa2_external,D2,7,142,0.98122066,0.70411562,0.61320301,4.33802817,1.01408451,0.81505048,0.18207634,0.53152806,0.95774648,1.00000000,51,VERIFIED_FROM_RELEASE,paper_results/revision_v5/tables/topk_sensitivity_summary.csv,876a16d098e1da3f642ef70854cbc985bae5f9e3,d80596b5952071be71ab0edf05829ee7ae29a82e2d45bf7e5150b70249a579aa,false
cmedqa2_external,D3_TFIDF,3,142,0.94542254,0.65201612,0.37133687,3.86619718,1.02816901,0.86795599,0.18023798,0.52703443,0.88028169,1.00000000,51,VERIFIED_FROM_RELEASE,paper_results/revision_v5/tables/topk_sensitivity_summary.csv,876a16d098e1da3f642ef70854cbc985bae5f9e3,d80596b5952071be71ab0edf05829ee7ae29a82e2d45bf7e5150b70249a579aa,false
cmedqa2_external,D3_TFIDF,5,142,0.97300469,0.66603190,0.49543721,4.18309859,1.00985915,0.84460229,0.18601023,0.54090376,0.93661972,1.00000000,51,VERIFIED_FROM_RELEASE,paper_results/revision_v5/tables/topk_sensitivity_summary.csv,876a16d098e1da3f642ef70854cbc985bae5f9e3,d80596b5952071be71ab0edf05829ee7ae29a82e2d45bf7e5150b70249a579aa,false
cmedqa2_external,D3_TFIDF,7,142,0.98122066,0.69723651,0.60754929,4.38732394,1.01509054,0.81525128,0.18176353,0.53364073,0.95774648,1.00000000,51,VERIFIED_FROM_RELEASE,paper_results/revision_v5/tables/topk_sensitivity_summary.csv,876a16d098e1da3f642ef70854cbc985bae5f9e3,d80596b5952071be71ab0edf05829ee7ae29a82e2d45bf7e5150b70249a579aa,false
cmedqa2_external,MMR,3,142,0.90199531,0.66137441,0.37503334,3.69014085,1.03521127,0.89421777,0.11576824,0.53661972,0.79577465,1.00000000,51,VERIFIED_FROM_RELEASE,paper_results/revision_v5/tables/topk_sensitivity_summary.csv,876a16d098e1da3f642ef70854cbc985bae5f9e3,d80596b5952071be71ab0edf05829ee7ae29a82e2d45bf7e5150b70249a579aa,false
cmedqa2_external,MMR,5,142,0.95892019,0.67597012,0.50112287,4.12676056,1.01690141,0.86018184,0.14473201,0.52760563,0.91549296,1.00000000,51,VERIFIED_FROM_RELEASE,paper_results/revision_v5/tables/topk_sensitivity_summary.csv,876a16d098e1da3f642ef70854cbc985bae5f9e3,d80596b5952071be71ab0edf05829ee7ae29a82e2d45bf7e5150b70249a579aa,false
cmedqa2_external,MMR,7,142,0.97417840,0.70898122,0.61709346,4.36619718,1.02716298,0.82386254,0.15865431,0.52067963,0.95070423,1.00000000,51,VERIFIED_FROM_RELEASE,paper_results/revision_v5/tables/topk_sensitivity_summary.csv,876a16d098e1da3f642ef70854cbc985bae5f9e3,d80596b5952071be71ab0edf05829ee7ae29a82e2d45bf7e5150b70249a579aa,false
